solarYMD,lunarYMD
1692-02-17,1692-01-01
1692-02-18,1692-01-02
1692-02-19,1692-01-03
1692-02-20,1692-01-04
1692-02-21,1692-01-05
1692-02-22,1692-01-06
1692-02-23,1692-01-07
1692-02-24,1692-01-08
1692-02-25,1692-01-09
1692-02-26,1692-01-10
1692-02-27,1692-01-11
1692-02-28,1692-01-12
1692-02-29,1692-01-13
1692-03-01,1692-01-14
1692-03-02,1692-01-15
1692-03-03,1692-01-16
1692-03-04,1692-01-17
1692-03-05,1692-01-18
1692-03-06,1692-01-19
1692-03-07,1692-01-20
1692-03-08,1692-01-21
1692-03-09,1692-01-22
1692-03-10,1692-01-23
1692-03-11,1692-01-24
1692-03-12,1692-01-25
1692-03-13,1692-01-26
1692-03-14,1692-01-27
1692-03-15,1692-01-28
1692-03-16,1692-01-29
1692-03-17,1692-01-30
1692-03-18,1692-02-01
1692-03-19,1692-02-02
1692-03-20,1692-02-03
1692-03-21,1692-02-04
1692-03-22,1692-02-05
1692-03-23,1692-02-06
1692-03-24,1692-02-07
1692-03-25,1692-02-08
1692-03-26,1692-02-09
1692-03-27,1692-02-10
1692-03-28,1692-02-11
1692-03-29,1692-02-12
1692-03-30,1692-02-13
1692-03-31,1692-02-14
1692-04-01,1692-02-15
1692-04-02,1692-02-16
1692-04-03,1692-02-17
1692-04-04,1692-02-18
1692-04-05,1692-02-19
1692-04-06,1692-02-20
1692-04-07,1692-02-21
1692-04-08,1692-02-22
1692-04-09,1692-02-23
1692-04-10,1692-02-24
1692-04-11,1692-02-25
1692-04-12,1692-02-26
1692-04-13,1692-02-27
1692-04-14,1692-02-28
1692-04-15,1692-02-29
1692-04-16,1692-03-01
1692-04-17,1692-03-02
1692-04-18,1692-03-03
1692-04-19,1692-03-04
1692-04-20,1692-03-05
1692-04-21,1692-03-06
1692-04-22,1692-03-07
1692-04-23,1692-03-08
1692-04-24,1692-03-09
1692-04-25,1692-03-10
1692-04-26,1692-03-11
1692-04-27,1692-03-12
1692-04-28,1692-03-13
1692-04-29,1692-03-14
1692-04-30,1692-03-15
1692-05-01,1692-03-16
1692-05-02,1692-03-17
1692-05-03,1692-03-18
1692-05-04,1692-03-19
1692-05-05,1692-03-20
1692-05-06,1692-03-21
1692-05-07,1692-03-22
1692-05-08,1692-03-23
1692-05-09,1692-03-24
1692-05-10,1692-03-25
1692-05-11,1692-03-26
1692-05-12,1692-03-27
1692-05-13,1692-03-28
1692-05-14,1692-03-29
1692-05-15,1692-03-30
1692-05-16,1692-04-01
1692-05-17,1692-04-02
1692-05-18,1692-04-03
1692-05-19,1692-04-04
1692-05-20,1692-04-05
1692-05-21,1692-04-06
1692-05-22,1692-04-07
1692-05-23,1692-04-08
1692-05-24,1692-04-09
1692-05-25,1692-04-10
1692-05-26,1692-04-11
1692-05-27,1692-04-12
1692-05-28,1692-04-13
1692-05-29,1692-04-14
1692-05-30,1692-04-15
1692-05-31,1692-04-16
1692-06-01,1692-04-17
1692-06-02,1692-04-18
1692-06-03,1692-04-19
1692-06-04,1692-04-20
1692-06-05,1692-04-21
1692-06-06,1692-04-22
1692-06-07,1692-04-23
1692-06-08,1692-04-24
1692-06-09,1692-04-25
1692-06-10,1692-04-26
1692-06-11,1692-04-27
1692-06-12,1692-04-28
1692-06-13,1692-04-29
1692-06-14,1692-04-30
1692-06-15,1692-05-01
1692-06-16,1692-05-02
1692-06-17,1692-05-03
1692-06-18,1692-05-04
1692-06-19,1692-05-05
1692-06-20,1692-05-06
1692-06-21,1692-05-07
1692-06-22,1692-05-08
1692-06-23,1692-05-09
1692-06-24,1692-05-10
1692-06-25,1692-05-11
1692-06-26,1692-05-12
1692-06-27,1692-05-13
1692-06-28,1692-05-14
1692-06-29,1692-05-15
1692-06-30,1692-05-16
1692-07-01,1692-05-17
1692-07-02,1692-05-18
1692-07-03,1692-05-19
1692-07-04,1692-05-20
1692-07-05,1692-05-21
1692-07-06,1692-05-22
1692-07-07,1692-05-23
1692-07-08,1692-05-24
1692-07-09,1692-05-25
1692-07-10,1692-05-26
1692-07-11,1692-05-27
1692-07-12,1692-05-28
1692-07-13,1692-05-29
1692-07-14,1692-06-01
1692-07-15,1692-06-02
1692-07-16,1692-06-03
1692-07-17,1692-06-04
1692-07-18,1692-06-05
1692-07-19,1692-06-06
1692-07-20,1692-06-07
1692-07-21,1692-06-08
1692-07-22,1692-06-09
1692-07-23,1692-06-10
1692-07-24,1692-06-11
1692-07-25,1692-06-12
1692-07-26,1692-06-13
1692-07-27,1692-06-14
1692-07-28,1692-06-15
1692-07-29,1692-06-16
1692-07-30,1692-06-17
1692-07-31,1692-06-18
1692-08-01,1692-06-19
1692-08-02,1692-06-20
1692-08-03,1692-06-21
1692-08-04,1692-06-22
1692-08-05,1692-06-23
1692-08-06,1692-06-24
1692-08-07,1692-06-25
1692-08-08,1692-06-26
1692-08-09,1692-06-27
1692-08-10,1692-06-28
1692-08-11,1692-06-29
1692-08-12,1692-07-01
1692-08-13,1692-07-02
1692-08-14,1692-07-03
1692-08-15,1692-07-04
1692-08-16,1692-07-05
1692-08-17,1692-07-06
1692-08-18,1692-07-07
1692-08-19,1692-07-08
1692-08-20,1692-07-09
1692-08-21,1692-07-10
1692-08-22,1692-07-11
1692-08-23,1692-07-12
1692-08-24,1692-07-13
1692-08-25,1692-07-14
1692-08-26,1692-07-15
1692-08-27,1692-07-16
1692-08-28,1692-07-17
1692-08-29,1692-07-18
1692-08-30,1692-07-19
1692-08-31,1692-07-20
1692-09-01,1692-07-21
1692-09-02,1692-07-22
1692-09-03,1692-07-23
1692-09-04,1692-07-24
1692-09-05,1692-07-25
1692-09-06,1692-07-26
1692-09-07,1692-07-27
1692-09-08,1692-07-28
1692-09-09,1692-07-29
1692-09-10,1692-07-30
1692-09-11,1692-08-01
1692-09-12,1692-08-02
1692-09-13,1692-08-03
1692-09-14,1692-08-04
1692-09-15,1692-08-05
1692-09-16,1692-08-06
1692-09-17,1692-08-07
1692-09-18,1692-08-08
1692-09-19,1692-08-09
1692-09-20,1692-08-10
1692-09-21,1692-08-11
1692-09-22,1692-08-12
1692-09-23,1692-08-13
1692-09-24,1692-08-14
1692-09-25,1692-08-15
1692-09-26,1692-08-16
1692-09-27,1692-08-17
1692-09-28,1692-08-18
1692-09-29,1692-08-19
1692-09-30,1692-08-20
1692-10-01,1692-08-21
1692-10-02,1692-08-22
1692-10-03,1692-08-23
1692-10-04,1692-08-24
1692-10-05,1692-08-25
1692-10-06,1692-08-26
1692-10-07,1692-08-27
1692-10-08,1692-08-28
1692-10-09,1692-08-29
1692-10-10,1692-09-01
1692-10-11,1692-09-02
1692-10-12,1692-09-03
1692-10-13,1692-09-04
1692-10-14,1692-09-05
1692-10-15,1692-09-06
1692-10-16,1692-09-07
1692-10-17,1692-09-08
1692-10-18,1692-09-09
1692-10-19,1692-09-10
1692-10-20,1692-09-11
1692-10-21,1692-09-12
1692-10-22,1692-09-13
1692-10-23,1692-09-14
1692-10-24,1692-09-15
1692-10-25,1692-09-16
1692-10-26,1692-09-17
1692-10-27,1692-09-18
1692-10-28,1692-09-19
1692-10-29,1692-09-20
1692-10-30,1692-09-21
1692-10-31,1692-09-22
1692-11-01,1692-09-23
1692-11-02,1692-09-24
1692-11-03,1692-09-25
1692-11-04,1692-09-26
1692-11-05,1692-09-27
1692-11-06,1692-09-28
1692-11-07,1692-09-29
1692-11-08,1692-10-01
1692-11-09,1692-10-02
1692-11-10,1692-10-03
1692-11-11,1692-10-04
1692-11-12,1692-10-05
1692-11-13,1692-10-06
1692-11-14,1692-10-07
1692-11-15,1692-10-08
1692-11-16,1692-10-09
1692-11-17,1692-10-10
1692-11-18,1692-10-11
1692-11-19,1692-10-12
1692-11-20,1692-10-13
1692-11-21,1692-10-14
1692-11-22,1692-10-15
1692-11-23,1692-10-16
1692-11-24,1692-10-17
1692-11-25,1692-10-18
1692-11-26,1692-10-19
1692-11-27,1692-10-20
1692-11-28,1692-10-21
1692-11-29,1692-10-22
1692-11-30,1692-10-23
1692-12-01,1692-10-24
1692-12-02,1692-10-25
1692-12-03,1692-10-26
1692-12-04,1692-10-27
1692-12-05,1692-10-28
1692-12-06,1692-10-29
1692-12-07,1692-10-30
1692-12-08,1692-11-01
1692-12-09,1692-11-02
1692-12-10,1692-11-03
1692-12-11,1692-11-04
1692-12-12,1692-11-05
1692-12-13,1692-11-06
1692-12-14,1692-11-07
1692-12-15,1692-11-08
1692-12-16,1692-11-09
1692-12-17,1692-11-10
1692-12-18,1692-11-11
1692-12-19,1692-11-12
1692-12-20,1692-11-13
1692-12-21,1692-11-14
1692-12-22,1692-11-15
1692-12-23,1692-11-16
1692-12-24,1692-11-17
1692-12-25,1692-11-18
1692-12-26,1692-11-19
1692-12-27,1692-11-20
1692-12-28,1692-11-21
1692-12-29,1692-11-22
1692-12-30,1692-11-23
1692-12-31,1692-11-24
1693-01-01,1692-11-25
1693-01-02,1692-11-26
1693-01-03,1692-11-27
1693-01-04,1692-11-28
1693-01-05,1692-11-29
1693-01-06,1692-12-01
1693-01-07,1692-12-02
1693-01-08,1692-12-03
1693-01-09,1692-12-04
1693-01-10,1692-12-05
1693-01-11,1692-12-06
1693-01-12,1692-12-07
1693-01-13,1692-12-08
1693-01-14,1692-12-09
1693-01-15,1692-12-10
1693-01-16,1692-12-11
1693-01-17,1692-12-12
1693-01-18,1692-12-13
1693-01-19,1692-12-14
1693-01-20,1692-12-15
1693-01-21,1692-12-16
1693-01-22,1692-12-17
1693-01-23,1692-12-18
1693-01-24,1692-12-19
1693-01-25,1692-12-20
1693-01-26,1692-12-21
1693-01-27,1692-12-22
1693-01-28,1692-12-23
1693-01-29,1692-12-24
1693-01-30,1692-12-25
1693-01-31,1692-12-26
1693-02-01,1692-12-27
1693-02-02,1692-12-28
1693-02-03,1692-12-29
1693-02-04,1692-12-30
1693-02-05,1693-01-01
1693-02-06,1693-01-02
1693-02-07,1693-01-03
1693-02-08,1693-01-04
1693-02-09,1693-01-05
1693-02-10,1693-01-06
1693-02-11,1693-01-07
1693-02-12,1693-01-08
1693-02-13,1693-01-09
1693-02-14,1693-01-10
1693-02-15,1693-01-11
1693-02-16,1693-01-12
1693-02-17,1693-01-13
1693-02-18,1693-01-14
1693-02-19,1693-01-15
1693-02-20,1693-01-16
1693-02-21,1693-01-17
1693-02-22,1693-01-18
1693-02-23,1693-01-19
1693-02-24,1693-01-20
1693-02-25,1693-01-21
1693-02-26,1693-01-22
1693-02-27,1693-01-23
1693-02-28,1693-01-24
1693-03-01,1693-01-25
1693-03-02,1693-01-26
1693-03-03,1693-01-27
1693-03-04,1693-01-28
1693-03-05,1693-01-29
1693-03-06,1693-01-30
1693-03-07,1693-02-01
1693-03-08,1693-02-02
1693-03-09,1693-02-03
1693-03-10,1693-02-04
1693-03-11,1693-02-05
1693-03-12,1693-02-06
1693-03-13,1693-02-07
1693-03-14,1693-02-08
1693-03-15,1693-02-09
1693-03-16,1693-02-10
1693-03-17,1693-02-11
1693-03-18,1693-02-12
1693-03-19,1693-02-13
1693-03-20,1693-02-14
1693-03-21,1693-02-15
1693-03-22,1693-02-16
1693-03-23,1693-02-17
1693-03-24,1693-02-18
1693-03-25,1693-02-19
1693-03-26,1693-02-20
1693-03-27,1693-02-21
1693-03-28,1693-02-22
1693-03-29,1693-02-23
1693-03-30,1693-02-24
1693-03-31,1693-02-25
1693-04-01,1693-02-26
1693-04-02,1693-02-27
1693-04-03,1693-02-28
1693-04-04,1693-02-29
1693-04-05,1693-02-30
1693-04-06,1693-03-01
1693-04-07,1693-03-02
1693-04-08,1693-03-03
1693-04-09,1693-03-04
1693-04-10,1693-03-05
1693-04-11,1693-03-06
1693-04-12,1693-03-07
1693-04-13,1693-03-08
1693-04-14,1693-03-09
1693-04-15,1693-03-10
1693-04-16,1693-03-11
1693-04-17,1693-03-12
1693-04-18,1693-03-13
1693-04-19,1693-03-14
1693-04-20,1693-03-15
1693-04-21,1693-03-16
1693-04-22,1693-03-17
1693-04-23,1693-03-18
1693-04-24,1693-03-19
1693-04-25,1693-03-20
1693-04-26,1693-03-21
1693-04-27,1693-03-22
1693-04-28,1693-03-23
1693-04-29,1693-03-24
1693-04-30,1693-03-25
1693-05-01,1693-03-26
1693-05-02,1693-03-27
1693-05-03,1693-03-28
1693-05-04,1693-03-29
1693-05-05,1693-04-01
1693-05-06,1693-04-02
1693-05-07,1693-04-03
1693-05-08,1693-04-04
1693-05-09,1693-04-05
1693-05-10,1693-04-06
1693-05-11,1693-04-07
1693-05-12,1693-04-08
1693-05-13,1693-04-09
1693-05-14,1693-04-10
1693-05-15,1693-04-11
1693-05-16,1693-04-12
1693-05-17,1693-04-13
1693-05-18,1693-04-14
1693-05-19,1693-04-15
1693-05-20,1693-04-16
1693-05-21,1693-04-17
1693-05-22,1693-04-18
1693-05-23,1693-04-19
1693-05-24,1693-04-20
1693-05-25,1693-04-21
1693-05-26,1693-04-22
1693-05-27,1693-04-23
1693-05-28,1693-04-24
1693-05-29,1693-04-25
1693-05-30,1693-04-26
1693-05-31,1693-04-27
1693-06-01,1693-04-28
1693-06-02,1693-04-29
1693-06-03,1693-04-30
1693-06-04,1693-05-01
1693-06-05,1693-05-02
1693-06-06,1693-05-03
1693-06-07,1693-05-04
1693-06-08,1693-05-05
1693-06-09,1693-05-06
1693-06-10,1693-05-07
1693-06-11,1693-05-08
1693-06-12,1693-05-09
1693-06-13,1693-05-10
1693-06-14,1693-05-11
1693-06-15,1693-05-12
1693-06-16,1693-05-13
1693-06-17,1693-05-14
1693-06-18,1693-05-15
1693-06-19,1693-05-16
1693-06-20,1693-05-17
1693-06-21,1693-05-18
1693-06-22,1693-05-19
1693-06-23,1693-05-20
1693-06-24,1693-05-21
1693-06-25,1693-05-22
1693-06-26,1693-05-23
1693-06-27,1693-05-24
1693-06-28,1693-05-25
1693-06-29,1693-05-26
1693-06-30,1693-05-27
1693-07-01,1693-05-28
1693-07-02,1693-05-29
1693-07-03,1693-06-01
1693-07-04,1693-06-02
1693-07-05,1693-06-03
1693-07-06,1693-06-04
1693-07-07,1693-06-05
1693-07-08,1693-06-06
1693-07-09,1693-06-07
1693-07-10,1693-06-08
1693-07-11,1693-06-09
1693-07-12,1693-06-10
1693-07-13,1693-06-11
1693-07-14,1693-06-12
1693-07-15,1693-06-13
1693-07-16,1693-06-14
1693-07-17,1693-06-15
1693-07-18,1693-06-16
1693-07-19,1693-06-17
1693-07-20,1693-06-18
1693-07-21,1693-06-19
1693-07-22,1693-06-20
1693-07-23,1693-06-21
1693-07-24,1693-06-22
1693-07-25,1693-06-23
1693-07-26,1693-06-24
1693-07-27,1693-06-25
1693-07-28,1693-06-26
1693-07-29,1693-06-27
1693-07-30,1693-06-28
1693-07-31,1693-06-29
1693-08-01,1693-06-30
1693-08-02,1693-07-01
1693-08-03,1693-07-02
1693-08-04,1693-07-03
1693-08-05,1693-07-04
1693-08-06,1693-07-05
1693-08-07,1693-07-06
1693-08-08,1693-07-07
1693-08-09,1693-07-08
1693-08-10,1693-07-09
1693-08-11,1693-07-10
1693-08-12,1693-07-11
1693-08-13,1693-07-12
1693-08-14,1693-07-13
1693-08-15,1693-07-14
1693-08-16,1693-07-15
1693-08-17,1693-07-16
1693-08-18,1693-07-17
1693-08-19,1693-07-18
1693-08-20,1693-07-19
1693-08-21,1693-07-20
1693-08-22,1693-07-21
1693-08-23,1693-07-22
1693-08-24,1693-07-23
1693-08-25,1693-07-24
1693-08-26,1693-07-25
1693-08-27,1693-07-26
1693-08-28,1693-07-27
1693-08-29,1693-07-28
1693-08-30,1693-07-29
1693-08-31,1693-08-01
1693-09-01,1693-08-02
1693-09-02,1693-08-03
1693-09-03,1693-08-04
1693-09-04,1693-08-05
1693-09-05,1693-08-06
1693-09-06,1693-08-07
1693-09-07,1693-08-08
1693-09-08,1693-08-09
1693-09-09,1693-08-10
1693-09-10,1693-08-11
1693-09-11,1693-08-12
1693-09-12,1693-08-13
1693-09-13,1693-08-14
1693-09-14,1693-08-15
1693-09-15,1693-08-16
1693-09-16,1693-08-17
1693-09-17,1693-08-18
1693-09-18,1693-08-19
1693-09-19,1693-08-20
1693-09-20,1693-08-21
1693-09-21,1693-08-22
1693-09-22,1693-08-23
1693-09-23,1693-08-24
1693-09-24,1693-08-25
1693-09-25,1693-08-26
1693-09-26,1693-08-27
1693-09-27,1693-08-28
1693-09-28,1693-08-29
1693-09-29,1693-08-30
1693-09-30,1693-09-01
1693-10-01,1693-09-02
1693-10-02,1693-09-03
1693-10-03,1693-09-04
1693-10-04,1693-09-05
1693-10-05,1693-09-06
1693-10-06,1693-09-07
1693-10-07,1693-09-08
1693-10-08,1693-09-09
1693-10-09,1693-09-10
1693-10-10,1693-09-11
1693-10-11,1693-09-12
1693-10-12,1693-09-13
1693-10-13,1693-09-14
1693-10-14,1693-09-15
1693-10-15,1693-09-16
1693-10-16,1693-09-17
1693-10-17,1693-09-18
1693-10-18,1693-09-19
1693-10-19,1693-09-20
1693-10-20,1693-09-21
1693-10-21,1693-09-22
1693-10-22,1693-09-23
1693-10-23,1693-09-24
1693-10-24,1693-09-25
1693-10-25,1693-09-26
1693-10-26,1693-09-27
1693-10-27,1693-09-28
1693-10-28,1693-09-29
1693-10-29,1693-10-01
1693-10-30,1693-10-02
1693-10-31,1693-10-03
1693-11-01,1693-10-04
1693-11-02,1693-10-05
1693-11-03,1693-10-06
1693-11-04,1693-10-07
1693-11-05,1693-10-08
1693-11-06,1693-10-09
1693-11-07,1693-10-10
1693-11-08,1693-10-11
1693-11-09,1693-10-12
1693-11-10,1693-10-13
1693-11-11,1693-10-14
1693-11-12,1693-10-15
1693-11-13,1693-10-16
1693-11-14,1693-10-17
1693-11-15,1693-10-18
1693-11-16,1693-10-19
1693-11-17,1693-10-20
1693-11-18,1693-10-21
1693-11-19,1693-10-22
1693-11-20,1693-10-23
1693-11-21,1693-10-24
1693-11-22,1693-10-25
1693-11-23,1693-10-26
1693-11-24,1693-10-27
1693-11-25,1693-10-28
1693-11-26,1693-10-29
1693-11-27,1693-11-01
1693-11-28,1693-11-02
1693-11-29,1693-11-03
1693-11-30,1693-11-04
1693-12-01,1693-11-05
1693-12-02,1693-11-06
1693-12-03,1693-11-07
1693-12-04,1693-11-08
1693-12-05,1693-11-09
1693-12-06,1693-11-10
1693-12-07,1693-11-11
1693-12-08,1693-11-12
1693-12-09,1693-11-13
1693-12-10,1693-11-14
1693-12-11,1693-11-15
1693-12-12,1693-11-16
1693-12-13,1693-11-17
1693-12-14,1693-11-18
1693-12-15,1693-11-19
1693-12-16,1693-11-20
1693-12-17,1693-11-21
1693-12-18,1693-11-22
1693-12-19,1693-11-23
1693-12-20,1693-11-24
1693-12-21,1693-11-25
1693-12-22,1693-11-26
1693-12-23,1693-11-27
1693-12-24,1693-11-28
1693-12-25,1693-11-29
1693-12-26,1693-11-30
1693-12-27,1693-12-01
1693-12-28,1693-12-02
1693-12-29,1693-12-03
1693-12-30,1693-12-04
1693-12-31,1693-12-05
1694-01-01,1693-12-06
1694-01-02,1693-12-07
1694-01-03,1693-12-08
1694-01-04,1693-12-09
1694-01-05,1693-12-10
1694-01-06,1693-12-11
1694-01-07,1693-12-12
1694-01-08,1693-12-13
1694-01-09,1693-12-14
1694-01-10,1693-12-15
1694-01-11,1693-12-16
1694-01-12,1693-12-17
1694-01-13,1693-12-18
1694-01-14,1693-12-19
1694-01-15,1693-12-20
1694-01-16,1693-12-21
1694-01-17,1693-12-22
1694-01-18,1693-12-23
1694-01-19,1693-12-24
1694-01-20,1693-12-25
1694-01-21,1693-12-26
1694-01-22,1693-12-27
1694-01-23,1693-12-28
1694-01-24,1693-12-29
1694-01-25,1694-01-01
1694-01-26,1694-01-02
1694-01-27,1694-01-03
1694-01-28,1694-01-04
1694-01-29,1694-01-05
1694-01-30,1694-01-06
1694-01-31,1694-01-07
1694-02-01,1694-01-08
1694-02-02,1694-01-09
1694-02-03,1694-01-10
1694-02-04,1694-01-11
1694-02-05,1694-01-12
1694-02-06,1694-01-13
1694-02-07,1694-01-14
1694-02-08,1694-01-15
1694-02-09,1694-01-16
1694-02-10,1694-01-17
1694-02-11,1694-01-18
1694-02-12,1694-01-19
1694-02-13,1694-01-20
1694-02-14,1694-01-21
1694-02-15,1694-01-22
1694-02-16,1694-01-23
1694-02-17,1694-01-24
1694-02-18,1694-01-25
1694-02-19,1694-01-26
1694-02-20,1694-01-27
1694-02-21,1694-01-28
1694-02-22,1694-01-29
1694-02-23,1694-01-30
1694-02-24,1694-02-01
1694-02-25,1694-02-02
1694-02-26,1694-02-03
1694-02-27,1694-02-04
1694-02-28,1694-02-05
1694-03-01,1694-02-06
1694-03-02,1694-02-07
1694-03-03,1694-02-08
1694-03-04,1694-02-09
1694-03-05,1694-02-10
1694-03-06,1694-02-11
1694-03-07,1694-02-12
1694-03-08,1694-02-13
1694-03-09,1694-02-14
1694-03-10,1694-02-15
1694-03-11,1694-02-16
1694-03-12,1694-02-17
1694-03-13,1694-02-18
1694-03-14,1694-02-19
1694-03-15,1694-02-20
1694-03-16,1694-02-21
1694-03-17,1694-02-22
1694-03-18,1694-02-23
1694-03-19,1694-02-24
1694-03-20,1694-02-25
1694-03-21,1694-02-26
1694-03-22,1694-02-27
1694-03-23,1694-02-28
1694-03-24,1694-02-29
1694-03-25,1694-02-30
1694-03-26,1694-03-01
1694-03-27,1694-03-02
1694-03-28,1694-03-03
1694-03-29,1694-03-04
1694-03-30,1694-03-05
1694-03-31,1694-03-06
1694-04-01,1694-03-07
1694-04-02,1694-03-08
1694-04-03,1694-03-09
1694-04-04,1694-03-10
1694-04-05,1694-03-11
1694-04-06,1694-03-12
1694-04-07,1694-03-13
1694-04-08,1694-03-14
1694-04-09,1694-03-15
1694-04-10,1694-03-16
1694-04-11,1694-03-17
1694-04-12,1694-03-18
1694-04-13,1694-03-19
1694-04-14,1694-03-20
1694-04-15,1694-03-21
1694-04-16,1694-03-22
1694-04-17,1694-03-23
1694-04-18,1694-03-24
1694-04-19,1694-03-25
1694-04-20,1694-03-26
1694-04-21,1694-03-27
1694-04-22,1694-03-28
1694-04-23,1694-03-29
1694-04-24,1694-04-01
1694-04-25,1694-04-02
1694-04-26,1694-04-03
1694-04-27,1694-04-04
1694-04-28,1694-04-05
1694-04-29,1694-04-06
1694-04-30,1694-04-07
1694-05-01,1694-04-08
1694-05-02,1694-04-09
1694-05-03,1694-04-10
1694-05-04,1694-04-11
1694-05-05,1694-04-12
1694-05-06,1694-04-13
1694-05-07,1694-04-14
1694-05-08,1694-04-15
1694-05-09,1694-04-16
1694-05-10,1694-04-17
1694-05-11,1694-04-18
1694-05-12,1694-04-19
1694-05-13,1694-04-20
1694-05-14,1694-04-21
1694-05-15,1694-04-22
1694-05-16,1694-04-23
1694-05-17,1694-04-24
1694-05-18,1694-04-25
1694-05-19,1694-04-26
1694-05-20,1694-04-27
1694-05-21,1694-04-28
1694-05-22,1694-04-29
1694-05-23,1694-04-30
1694-05-24,1694-05-01
1694-06-22,1694-05-01
1694-05-25,1694-05-02
1694-06-23,1694-05-02
1694-05-26,1694-05-03
1694-06-24,1694-05-03
1694-05-27,1694-05-04
1694-06-25,1694-05-04
1694-05-28,1694-05-05
1694-06-26,1694-05-05
1694-05-29,1694-05-06
1694-06-27,1694-05-06
1694-05-30,1694-05-07
1694-06-28,1694-05-07
1694-05-31,1694-05-08
1694-06-29,1694-05-08
1694-06-01,1694-05-09
1694-06-30,1694-05-09
1694-06-02,1694-05-10
1694-07-01,1694-05-10
1694-06-03,1694-05-11
1694-07-02,1694-05-11
1694-06-04,1694-05-12
1694-07-03,1694-05-12
1694-06-05,1694-05-13
1694-07-04,1694-05-13
1694-06-06,1694-05-14
1694-07-05,1694-05-14
1694-06-07,1694-05-15
1694-07-06,1694-05-15
1694-06-08,1694-05-16
1694-07-07,1694-05-16
1694-06-09,1694-05-17
1694-07-08,1694-05-17
1694-06-10,1694-05-18
1694-07-09,1694-05-18
1694-06-11,1694-05-19
1694-07-10,1694-05-19
1694-06-12,1694-05-20
1694-07-11,1694-05-20
1694-06-13,1694-05-21
1694-07-12,1694-05-21
1694-06-14,1694-05-22
1694-07-13,1694-05-22
1694-06-15,1694-05-23
1694-07-14,1694-05-23
1694-06-16,1694-05-24
1694-07-15,1694-05-24
1694-06-17,1694-05-25
1694-07-16,1694-05-25
1694-06-18,1694-05-26
1694-07-17,1694-05-26
1694-06-19,1694-05-27
1694-07-18,1694-05-27
1694-06-20,1694-05-28
1694-07-19,1694-05-28
1694-06-21,1694-05-29
1694-07-20,1694-05-29
1694-07-21,1694-05-30
1694-07-22,1694-06-01
1694-07-23,1694-06-02
1694-07-24,1694-06-03
1694-07-25,1694-06-04
1694-07-26,1694-06-05
1694-07-27,1694-06-06
1694-07-28,1694-06-07
1694-07-29,1694-06-08
1694-07-30,1694-06-09
1694-07-31,1694-06-10
1694-08-01,1694-06-11
1694-08-02,1694-06-12
1694-08-03,1694-06-13
1694-08-04,1694-06-14
1694-08-05,1694-06-15
1694-08-06,1694-06-16
1694-08-07,1694-06-17
1694-08-08,1694-06-18
1694-08-09,1694-06-19
1694-08-10,1694-06-20
1694-08-11,1694-06-21
1694-08-12,1694-06-22
1694-08-13,1694-06-23
1694-08-14,1694-06-24
1694-08-15,1694-06-25
1694-08-16,1694-06-26
1694-08-17,1694-06-27
1694-08-18,1694-06-28
1694-08-19,1694-06-29
1694-08-20,1694-06-30
1694-08-21,1694-07-01
1694-08-22,1694-07-02
1694-08-23,1694-07-03
1694-08-24,1694-07-04
1694-08-25,1694-07-05
1694-08-26,1694-07-06
1694-08-27,1694-07-07
1694-08-28,1694-07-08
1694-08-29,1694-07-09
1694-08-30,1694-07-10
1694-08-31,1694-07-11
1694-09-01,1694-07-12
1694-09-02,1694-07-13
1694-09-03,1694-07-14
1694-09-04,1694-07-15
1694-09-05,1694-07-16
1694-09-06,1694-07-17
1694-09-07,1694-07-18
1694-09-08,1694-07-19
1694-09-09,1694-07-20
1694-09-10,1694-07-21
1694-09-11,1694-07-22
1694-09-12,1694-07-23
1694-09-13,1694-07-24
1694-09-14,1694-07-25
1694-09-15,1694-07-26
1694-09-16,1694-07-27
1694-09-17,1694-07-28
1694-09-18,1694-07-29
1694-09-19,1694-08-01
1694-09-20,1694-08-02
1694-09-21,1694-08-03
1694-09-22,1694-08-04
1694-09-23,1694-08-05
1694-09-24,1694-08-06
1694-09-25,1694-08-07
1694-09-26,1694-08-08
1694-09-27,1694-08-09
1694-09-28,1694-08-10
1694-09-29,1694-08-11
1694-09-30,1694-08-12
1694-10-01,1694-08-13
1694-10-02,1694-08-14
1694-10-03,1694-08-15
1694-10-04,1694-08-16
1694-10-05,1694-08-17
1694-10-06,1694-08-18
1694-10-07,1694-08-19
1694-10-08,1694-08-20
1694-10-09,1694-08-21
1694-10-10,1694-08-22
1694-10-11,1694-08-23
1694-10-12,1694-08-24
1694-10-13,1694-08-25
1694-10-14,1694-08-26
1694-10-15,1694-08-27
1694-10-16,1694-08-28
1694-10-17,1694-08-29
1694-10-18,1694-08-30
1694-10-19,1694-09-01
1694-10-20,1694-09-02
1694-10-21,1694-09-03
1694-10-22,1694-09-04
1694-10-23,1694-09-05
1694-10-24,1694-09-06
1694-10-25,1694-09-07
1694-10-26,1694-09-08
1694-10-27,1694-09-09
1694-10-28,1694-09-10
1694-10-29,1694-09-11
1694-10-30,1694-09-12
1694-10-31,1694-09-13
1694-11-01,1694-09-14
1694-11-02,1694-09-15
1694-11-03,1694-09-16
1694-11-04,1694-09-17
1694-11-05,1694-09-18
1694-11-06,1694-09-19
1694-11-07,1694-09-20
1694-11-08,1694-09-21
1694-11-09,1694-09-22
1694-11-10,1694-09-23
1694-11-11,1694-09-24
1694-11-12,1694-09-25
1694-11-13,1694-09-26
1694-11-14,1694-09-27
1694-11-15,1694-09-28
1694-11-16,1694-09-29
1694-11-17,1694-10-01
1694-11-18,1694-10-02
1694-11-19,1694-10-03
1694-11-20,1694-10-04
1694-11-21,1694-10-05
1694-11-22,1694-10-06
1694-11-23,1694-10-07
1694-11-24,1694-10-08
1694-11-25,1694-10-09
1694-11-26,1694-10-10
1694-11-27,1694-10-11
1694-11-28,1694-10-12
1694-11-29,1694-10-13
1694-11-30,1694-10-14
1694-12-01,1694-10-15
1694-12-02,1694-10-16
1694-12-03,1694-10-17
1694-12-04,1694-10-18
1694-12-05,1694-10-19
1694-12-06,1694-10-20
1694-12-07,1694-10-21
1694-12-08,1694-10-22
1694-12-09,1694-10-23
1694-12-10,1694-10-24
1694-12-11,1694-10-25
1694-12-12,1694-10-26
1694-12-13,1694-10-27
1694-12-14,1694-10-28
1694-12-15,1694-10-29
1694-12-16,1694-10-30
1694-12-17,1694-11-01
1694-12-18,1694-11-02
1694-12-19,1694-11-03
1694-12-20,1694-11-04
1694-12-21,1694-11-05
1694-12-22,1694-11-06
1694-12-23,1694-11-07
1694-12-24,1694-11-08
1694-12-25,1694-11-09
1694-12-26,1694-11-10
1694-12-27,1694-11-11
1694-12-28,1694-11-12
1694-12-29,1694-11-13
1694-12-30,1694-11-14
1694-12-31,1694-11-15
1695-01-01,1694-11-16
1695-01-02,1694-11-17
1695-01-03,1694-11-18
1695-01-04,1694-11-19
1695-01-05,1694-11-20
1695-01-06,1694-11-21
1695-01-07,1694-11-22
1695-01-08,1694-11-23
1695-01-09,1694-11-24
1695-01-10,1694-11-25
1695-01-11,1694-11-26
1695-01-12,1694-11-27
1695-01-13,1694-11-28
1695-01-14,1694-11-29
1695-01-15,1694-12-01
1695-01-16,1694-12-02
1695-01-17,1694-12-03
1695-01-18,1694-12-04
1695-01-19,1694-12-05
1695-01-20,1694-12-06
1695-01-21,1694-12-07
1695-01-22,1694-12-08
1695-01-23,1694-12-09
1695-01-24,1694-12-10
1695-01-25,1694-12-11
1695-01-26,1694-12-12
1695-01-27,1694-12-13
1695-01-28,1694-12-14
1695-01-29,1694-12-15
1695-01-30,1694-12-16
1695-01-31,1694-12-17
1695-02-01,1694-12-18
1695-02-02,1694-12-19
1695-02-03,1694-12-20
1695-02-04,1694-12-21
1695-02-05,1694-12-22
1695-02-06,1694-12-23
1695-02-07,1694-12-24
1695-02-08,1694-12-25
1695-02-09,1694-12-26
1695-02-10,1694-12-27
1695-02-11,1694-12-28
1695-02-12,1694-12-29
1695-02-13,1695-01-01
1695-02-14,1695-01-02
1695-02-15,1695-01-03
1695-02-16,1695-01-04
1695-02-17,1695-01-05
1695-02-18,1695-01-06
1695-02-19,1695-01-07
1695-02-20,1695-01-08
1695-02-21,1695-01-09
1695-02-22,1695-01-10
1695-02-23,1695-01-11
1695-02-24,1695-01-12
1695-02-25,1695-01-13
1695-02-26,1695-01-14
1695-02-27,1695-01-15
1695-02-28,1695-01-16
1695-03-01,1695-01-17
1695-03-02,1695-01-18
1695-03-03,1695-01-19
1695-03-04,1695-01-20
1695-03-05,1695-01-21
1695-03-06,1695-01-22
1695-03-07,1695-01-23
1695-03-08,1695-01-24
1695-03-09,1695-01-25
1695-03-10,1695-01-26
1695-03-11,1695-01-27
1695-03-12,1695-01-28
1695-03-13,1695-01-29
1695-03-14,1695-01-30
1695-03-15,1695-02-01
1695-03-16,1695-02-02
1695-03-17,1695-02-03
1695-03-18,1695-02-04
1695-03-19,1695-02-05
1695-03-20,1695-02-06
1695-03-21,1695-02-07
1695-03-22,1695-02-08
1695-03-23,1695-02-09
1695-03-24,1695-02-10
1695-03-25,1695-02-11
1695-03-26,1695-02-12
1695-03-27,1695-02-13
1695-03-28,1695-02-14
1695-03-29,1695-02-15
1695-03-30,1695-02-16
1695-03-31,1695-02-17
1695-04-01,1695-02-18
1695-04-02,1695-02-19
1695-04-03,1695-02-20
1695-04-04,1695-02-21
1695-04-05,1695-02-22
1695-04-06,1695-02-23
1695-04-07,1695-02-24
1695-04-08,1695-02-25
1695-04-09,1695-02-26
1695-04-10,1695-02-27
1695-04-11,1695-02-28
1695-04-12,1695-02-29
1695-04-13,1695-03-01
1695-04-14,1695-03-02
1695-04-15,1695-03-03
1695-04-16,1695-03-04
1695-04-17,1695-03-05
1695-04-18,1695-03-06
1695-04-19,1695-03-07
1695-04-20,1695-03-08
1695-04-21,1695-03-09
1695-04-22,1695-03-10
1695-04-23,1695-03-11
1695-04-24,1695-03-12
1695-04-25,1695-03-13
1695-04-26,1695-03-14
1695-04-27,1695-03-15
1695-04-28,1695-03-16
1695-04-29,1695-03-17
1695-04-30,1695-03-18
1695-05-01,1695-03-19
1695-05-02,1695-03-20
1695-05-03,1695-03-21
1695-05-04,1695-03-22
1695-05-05,1695-03-23
1695-05-06,1695-03-24
1695-05-07,1695-03-25
1695-05-08,1695-03-26
1695-05-09,1695-03-27
1695-05-10,1695-03-28
1695-05-11,1695-03-29
1695-05-12,1695-03-30
1695-05-13,1695-04-01
1695-05-14,1695-04-02
1695-05-15,1695-04-03
1695-05-16,1695-04-04
1695-05-17,1695-04-05
1695-05-18,1695-04-06
1695-05-19,1695-04-07
1695-05-20,1695-04-08
1695-05-21,1695-04-09
1695-05-22,1695-04-10
1695-05-23,1695-04-11
1695-05-24,1695-04-12
1695-05-25,1695-04-13
1695-05-26,1695-04-14
1695-05-27,1695-04-15
1695-05-28,1695-04-16
1695-05-29,1695-04-17
1695-05-30,1695-04-18
1695-05-31,1695-04-19
1695-06-01,1695-04-20
1695-06-02,1695-04-21
1695-06-03,1695-04-22
1695-06-04,1695-04-23
1695-06-05,1695-04-24
1695-06-06,1695-04-25
1695-06-07,1695-04-26
1695-06-08,1695-04-27
1695-06-09,1695-04-28
1695-06-10,1695-04-29
1695-06-11,1695-04-30
1695-06-12,1695-05-01
1695-06-13,1695-05-02
1695-06-14,1695-05-03
1695-06-15,1695-05-04
1695-06-16,1695-05-05
1695-06-17,1695-05-06
1695-06-18,1695-05-07
1695-06-19,1695-05-08
1695-06-20,1695-05-09
1695-06-21,1695-05-10
1695-06-22,1695-05-11
1695-06-23,1695-05-12
1695-06-24,1695-05-13
1695-06-25,1695-05-14
1695-06-26,1695-05-15
1695-06-27,1695-05-16
1695-06-28,1695-05-17
1695-06-29,1695-05-18
1695-06-30,1695-05-19
1695-07-01,1695-05-20
1695-07-02,1695-05-21
1695-07-03,1695-05-22
1695-07-04,1695-05-23
1695-07-05,1695-05-24
1695-07-06,1695-05-25
1695-07-07,1695-05-26
1695-07-08,1695-05-27
1695-07-09,1695-05-28
1695-07-10,1695-05-29
1695-07-11,1695-06-01
1695-07-12,1695-06-02
1695-07-13,1695-06-03
1695-07-14,1695-06-04
1695-07-15,1695-06-05
1695-07-16,1695-06-06
1695-07-17,1695-06-07
1695-07-18,1695-06-08
1695-07-19,1695-06-09
1695-07-20,1695-06-10
1695-07-21,1695-06-11
1695-07-22,1695-06-12
1695-07-23,1695-06-13
1695-07-24,1695-06-14
1695-07-25,1695-06-15
1695-07-26,1695-06-16
1695-07-27,1695-06-17
1695-07-28,1695-06-18
1695-07-29,1695-06-19
1695-07-30,1695-06-20
1695-07-31,1695-06-21
1695-08-01,1695-06-22
1695-08-02,1695-06-23
1695-08-03,1695-06-24
1695-08-04,1695-06-25
1695-08-05,1695-06-26
1695-08-06,1695-06-27
1695-08-07,1695-06-28
1695-08-08,1695-06-29
1695-08-09,1695-06-30
1695-08-10,1695-07-01
1695-08-11,1695-07-02
1695-08-12,1695-07-03
1695-08-13,1695-07-04
1695-08-14,1695-07-05
1695-08-15,1695-07-06
1695-08-16,1695-07-07
1695-08-17,1695-07-08
1695-08-18,1695-07-09
1695-08-19,1695-07-10
1695-08-20,1695-07-11
1695-08-21,1695-07-12
1695-08-22,1695-07-13
1695-08-23,1695-07-14
1695-08-24,1695-07-15
1695-08-25,1695-07-16
1695-08-26,1695-07-17
1695-08-27,1695-07-18
1695-08-28,1695-07-19
1695-08-29,1695-07-20
1695-08-30,1695-07-21
1695-08-31,1695-07-22
1695-09-01,1695-07-23
1695-09-02,1695-07-24
1695-09-03,1695-07-25
1695-09-04,1695-07-26
1695-09-05,1695-07-27
1695-09-06,1695-07-28
1695-09-07,1695-07-29
1695-09-08,1695-08-01
1695-09-09,1695-08-02
1695-09-10,1695-08-03
1695-09-11,1695-08-04
1695-09-12,1695-08-05
1695-09-13,1695-08-06
1695-09-14,1695-08-07
1695-09-15,1695-08-08
1695-09-16,1695-08-09
1695-09-17,1695-08-10
1695-09-18,1695-08-11
1695-09-19,1695-08-12
1695-09-20,1695-08-13
1695-09-21,1695-08-14
1695-09-22,1695-08-15
1695-09-23,1695-08-16
1695-09-24,1695-08-17
1695-09-25,1695-08-18
1695-09-26,1695-08-19
1695-09-27,1695-08-20
1695-09-28,1695-08-21
1695-09-29,1695-08-22
1695-09-30,1695-08-23
1695-10-01,1695-08-24
1695-10-02,1695-08-25
1695-10-03,1695-08-26
1695-10-04,1695-08-27
1695-10-05,1695-08-28
1695-10-06,1695-08-29
1695-10-07,1695-08-30
1695-10-08,1695-09-01
1695-10-09,1695-09-02
1695-10-10,1695-09-03
1695-10-11,1695-09-04
1695-10-12,1695-09-05
1695-10-13,1695-09-06
1695-10-14,1695-09-07
1695-10-15,1695-09-08
1695-10-16,1695-09-09
1695-10-17,1695-09-10
1695-10-18,1695-09-11
1695-10-19,1695-09-12
1695-10-20,1695-09-13
1695-10-21,1695-09-14
1695-10-22,1695-09-15
1695-10-23,1695-09-16
1695-10-24,1695-09-17
1695-10-25,1695-09-18
1695-10-26,1695-09-19
1695-10-27,1695-09-20
1695-10-28,1695-09-21
1695-10-29,1695-09-22
1695-10-30,1695-09-23
1695-10-31,1695-09-24
1695-11-01,1695-09-25
1695-11-02,1695-09-26
1695-11-03,1695-09-27
1695-11-04,1695-09-28
1695-11-05,1695-09-29
1695-11-06,1695-09-30
1695-11-07,1695-10-01
1695-11-08,1695-10-02
1695-11-09,1695-10-03
1695-11-10,1695-10-04
1695-11-11,1695-10-05
1695-11-12,1695-10-06
1695-11-13,1695-10-07
1695-11-14,1695-10-08
1695-11-15,1695-10-09
1695-11-16,1695-10-10
1695-11-17,1695-10-11
1695-11-18,1695-10-12
1695-11-19,1695-10-13
1695-11-20,1695-10-14
1695-11-21,1695-10-15
1695-11-22,1695-10-16
1695-11-23,1695-10-17
1695-11-24,1695-10-18
1695-11-25,1695-10-19
1695-11-26,1695-10-20
1695-11-27,1695-10-21
1695-11-28,1695-10-22
1695-11-29,1695-10-23
1695-11-30,1695-10-24
1695-12-01,1695-10-25
1695-12-02,1695-10-26
1695-12-03,1695-10-27
1695-12-04,1695-10-28
1695-12-05,1695-10-29
1695-12-06,1695-11-01
1695-12-07,1695-11-02
1695-12-08,1695-11-03
1695-12-09,1695-11-04
1695-12-10,1695-11-05
1695-12-11,1695-11-06
1695-12-12,1695-11-07
1695-12-13,1695-11-08
1695-12-14,1695-11-09
1695-12-15,1695-11-10
1695-12-16,1695-11-11
1695-12-17,1695-11-12
1695-12-18,1695-11-13
1695-12-19,1695-11-14
1695-12-20,1695-11-15
1695-12-21,1695-11-16
1695-12-22,1695-11-17
1695-12-23,1695-11-18
1695-12-24,1695-11-19
1695-12-25,1695-11-20
1695-12-26,1695-11-21
1695-12-27,1695-11-22
1695-12-28,1695-11-23
1695-12-29,1695-11-24
1695-12-30,1695-11-25
1695-12-31,1695-11-26
1696-01-01,1695-11-27
1696-01-02,1695-11-28
1696-01-03,1695-11-29
1696-01-04,1695-11-30
1696-01-05,1695-12-01
1696-01-06,1695-12-02
1696-01-07,1695-12-03
1696-01-08,1695-12-04
1696-01-09,1695-12-05
1696-01-10,1695-12-06
1696-01-11,1695-12-07
1696-01-12,1695-12-08
1696-01-13,1695-12-09
1696-01-14,1695-12-10
1696-01-15,1695-12-11
1696-01-16,1695-12-12
1696-01-17,1695-12-13
1696-01-18,1695-12-14
1696-01-19,1695-12-15
1696-01-20,1695-12-16
1696-01-21,1695-12-17
1696-01-22,1695-12-18
1696-01-23,1695-12-19
1696-01-24,1695-12-20
1696-01-25,1695-12-21
1696-01-26,1695-12-22
1696-01-27,1695-12-23
1696-01-28,1695-12-24
1696-01-29,1695-12-25
1696-01-30,1695-12-26
1696-01-31,1695-12-27
1696-02-01,1695-12-28
1696-02-02,1695-12-29
1696-02-03,1696-01-01
1696-02-04,1696-01-02
1696-02-05,1696-01-03
1696-02-06,1696-01-04
1696-02-07,1696-01-05
1696-02-08,1696-01-06
1696-02-09,1696-01-07
1696-02-10,1696-01-08
1696-02-11,1696-01-09
1696-02-12,1696-01-10
1696-02-13,1696-01-11
1696-02-14,1696-01-12
1696-02-15,1696-01-13
1696-02-16,1696-01-14
1696-02-17,1696-01-15
1696-02-18,1696-01-16
1696-02-19,1696-01-17
1696-02-20,1696-01-18
1696-02-21,1696-01-19
1696-02-22,1696-01-20
1696-02-23,1696-01-21
1696-02-24,1696-01-22
1696-02-25,1696-01-23
1696-02-26,1696-01-24
1696-02-27,1696-01-25
1696-02-28,1696-01-26
1696-02-29,1696-01-27
1696-03-01,1696-01-28
1696-03-02,1696-01-29
1696-03-03,1696-02-01
1696-03-04,1696-02-02
1696-03-05,1696-02-03
1696-03-06,1696-02-04
1696-03-07,1696-02-05
1696-03-08,1696-02-06
1696-03-09,1696-02-07
1696-03-10,1696-02-08
1696-03-11,1696-02-09
1696-03-12,1696-02-10
1696-03-13,1696-02-11
1696-03-14,1696-02-12
1696-03-15,1696-02-13
1696-03-16,1696-02-14
1696-03-17,1696-02-15
1696-03-18,1696-02-16
1696-03-19,1696-02-17
1696-03-20,1696-02-18
1696-03-21,1696-02-19
1696-03-22,1696-02-20
1696-03-23,1696-02-21
1696-03-24,1696-02-22
1696-03-25,1696-02-23
1696-03-26,1696-02-24
1696-03-27,1696-02-25
1696-03-28,1696-02-26
1696-03-29,1696-02-27
1696-03-30,1696-02-28
1696-03-31,1696-02-29
1696-04-01,1696-02-30
1696-04-02,1696-03-01
1696-04-03,1696-03-02
1696-04-04,1696-03-03
1696-04-05,1696-03-04
1696-04-06,1696-03-05
1696-04-07,1696-03-06
1696-04-08,1696-03-07
1696-04-09,1696-03-08
1696-04-10,1696-03-09
1696-04-11,1696-03-10
1696-04-12,1696-03-11
1696-04-13,1696-03-12
1696-04-14,1696-03-13
1696-04-15,1696-03-14
1696-04-16,1696-03-15
1696-04-17,1696-03-16
1696-04-18,1696-03-17
1696-04-19,1696-03-18
1696-04-20,1696-03-19
1696-04-21,1696-03-20
1696-04-22,1696-03-21
1696-04-23,1696-03-22
1696-04-24,1696-03-23
1696-04-25,1696-03-24
1696-04-26,1696-03-25
1696-04-27,1696-03-26
1696-04-28,1696-03-27
1696-04-29,1696-03-28
1696-04-30,1696-03-29
1696-05-01,1696-04-01
1696-05-02,1696-04-02
1696-05-03,1696-04-03
1696-05-04,1696-04-04
1696-05-05,1696-04-05
1696-05-06,1696-04-06
1696-05-07,1696-04-07
1696-05-08,1696-04-08
1696-05-09,1696-04-09
1696-05-10,1696-04-10
1696-05-11,1696-04-11
1696-05-12,1696-04-12
1696-05-13,1696-04-13
1696-05-14,1696-04-14
1696-05-15,1696-04-15
1696-05-16,1696-04-16
1696-05-17,1696-04-17
1696-05-18,1696-04-18
1696-05-19,1696-04-19
1696-05-20,1696-04-20
1696-05-21,1696-04-21
1696-05-22,1696-04-22
1696-05-23,1696-04-23
1696-05-24,1696-04-24
1696-05-25,1696-04-25
1696-05-26,1696-04-26
1696-05-27,1696-04-27
1696-05-28,1696-04-28
1696-05-29,1696-04-29
1696-05-30,1696-04-30
1696-05-31,1696-05-01
1696-06-01,1696-05-02
1696-06-02,1696-05-03
1696-06-03,1696-05-04
1696-06-04,1696-05-05
1696-06-05,1696-05-06
1696-06-06,1696-05-07
1696-06-07,1696-05-08
1696-06-08,1696-05-09
1696-06-09,1696-05-10
1696-06-10,1696-05-11
1696-06-11,1696-05-12
1696-06-12,1696-05-13
1696-06-13,1696-05-14
1696-06-14,1696-05-15
1696-06-15,1696-05-16
1696-06-16,1696-05-17
1696-06-17,1696-05-18
1696-06-18,1696-05-19
1696-06-19,1696-05-20
1696-06-20,1696-05-21
1696-06-21,1696-05-22
1696-06-22,1696-05-23
1696-06-23,1696-05-24
1696-06-24,1696-05-25
1696-06-25,1696-05-26
1696-06-26,1696-05-27
1696-06-27,1696-05-28
1696-06-28,1696-05-29
1696-06-29,1696-06-01
1696-06-30,1696-06-02
1696-07-01,1696-06-03
1696-07-02,1696-06-04
1696-07-03,1696-06-05
1696-07-04,1696-06-06
1696-07-05,1696-06-07
1696-07-06,1696-06-08
1696-07-07,1696-06-09
1696-07-08,1696-06-10
1696-07-09,1696-06-11
1696-07-10,1696-06-12
1696-07-11,1696-06-13
1696-07-12,1696-06-14
1696-07-13,1696-06-15
1696-07-14,1696-06-16
1696-07-15,1696-06-17
1696-07-16,1696-06-18
1696-07-17,1696-06-19
1696-07-18,1696-06-20
1696-07-19,1696-06-21
1696-07-20,1696-06-22
1696-07-21,1696-06-23
1696-07-22,1696-06-24
1696-07-23,1696-06-25
1696-07-24,1696-06-26
1696-07-25,1696-06-27
1696-07-26,1696-06-28
1696-07-27,1696-06-29
1696-07-28,1696-06-30
1696-07-29,1696-07-01
1696-07-30,1696-07-02
1696-07-31,1696-07-03
1696-08-01,1696-07-04
1696-08-02,1696-07-05
1696-08-03,1696-07-06
1696-08-04,1696-07-07
1696-08-05,1696-07-08
1696-08-06,1696-07-09
1696-08-07,1696-07-10
1696-08-08,1696-07-11
1696-08-09,1696-07-12
1696-08-10,1696-07-13
1696-08-11,1696-07-14
1696-08-12,1696-07-15
1696-08-13,1696-07-16
1696-08-14,1696-07-17
1696-08-15,1696-07-18
1696-08-16,1696-07-19
1696-08-17,1696-07-20
1696-08-18,1696-07-21
1696-08-19,1696-07-22
1696-08-20,1696-07-23
1696-08-21,1696-07-24
1696-08-22,1696-07-25
1696-08-23,1696-07-26
1696-08-24,1696-07-27
1696-08-25,1696-07-28
1696-08-26,1696-07-29
1696-08-27,1696-08-01
1696-08-28,1696-08-02
1696-08-29,1696-08-03
1696-08-30,1696-08-04
1696-08-31,1696-08-05
1696-09-01,1696-08-06
1696-09-02,1696-08-07
1696-09-03,1696-08-08
1696-09-04,1696-08-09
1696-09-05,1696-08-10
1696-09-06,1696-08-11
1696-09-07,1696-08-12
1696-09-08,1696-08-13
1696-09-09,1696-08-14
1696-09-10,1696-08-15
1696-09-11,1696-08-16
1696-09-12,1696-08-17
1696-09-13,1696-08-18
1696-09-14,1696-08-19
1696-09-15,1696-08-20
1696-09-16,1696-08-21
1696-09-17,1696-08-22
1696-09-18,1696-08-23
1696-09-19,1696-08-24
1696-09-20,1696-08-25
1696-09-21,1696-08-26
1696-09-22,1696-08-27
1696-09-23,1696-08-28
1696-09-24,1696-08-29
1696-09-25,1696-08-30
1696-09-26,1696-09-01
1696-09-27,1696-09-02
1696-09-28,1696-09-03
1696-09-29,1696-09-04
1696-09-30,1696-09-05
1696-10-01,1696-09-06
1696-10-02,1696-09-07
1696-10-03,1696-09-08
1696-10-04,1696-09-09
1696-10-05,1696-09-10
1696-10-06,1696-09-11
1696-10-07,1696-09-12
1696-10-08,1696-09-13
1696-10-09,1696-09-14
1696-10-10,1696-09-15
1696-10-11,1696-09-16
1696-10-12,1696-09-17
1696-10-13,1696-09-18
1696-10-14,1696-09-19
1696-10-15,1696-09-20
1696-10-16,1696-09-21
1696-10-17,1696-09-22
1696-10-18,1696-09-23
1696-10-19,1696-09-24
1696-10-20,1696-09-25
1696-10-21,1696-09-26
1696-10-22,1696-09-27
1696-10-23,1696-09-28
1696-10-24,1696-09-29
1696-10-25,1696-09-30
1696-10-26,1696-10-01
1696-10-27,1696-10-02
1696-10-28,1696-10-03
1696-10-29,1696-10-04
1696-10-30,1696-10-05
1696-10-31,1696-10-06
1696-11-01,1696-10-07
1696-11-02,1696-10-08
1696-11-03,1696-10-09
1696-11-04,1696-10-10
1696-11-05,1696-10-11
1696-11-06,1696-10-12
1696-11-07,1696-10-13
1696-11-08,1696-10-14
1696-11-09,1696-10-15
1696-11-10,1696-10-16
1696-11-11,1696-10-17
1696-11-12,1696-10-18
1696-11-13,1696-10-19
1696-11-14,1696-10-20
1696-11-15,1696-10-21
1696-11-16,1696-10-22
1696-11-17,1696-10-23
1696-11-18,1696-10-24
1696-11-19,1696-10-25
1696-11-20,1696-10-26
1696-11-21,1696-10-27
1696-11-22,1696-10-28
1696-11-23,1696-10-29
1696-11-24,1696-10-30
1696-11-25,1696-11-01
1696-11-26,1696-11-02
1696-11-27,1696-11-03
1696-11-28,1696-11-04
1696-11-29,1696-11-05
1696-11-30,1696-11-06
1696-12-01,1696-11-07
1696-12-02,1696-11-08
1696-12-03,1696-11-09
1696-12-04,1696-11-10
1696-12-05,1696-11-11
1696-12-06,1696-11-12
1696-12-07,1696-11-13
1696-12-08,1696-11-14
1696-12-09,1696-11-15
1696-12-10,1696-11-16
1696-12-11,1696-11-17
1696-12-12,1696-11-18
1696-12-13,1696-11-19
1696-12-14,1696-11-20
1696-12-15,1696-11-21
1696-12-16,1696-11-22
1696-12-17,1696-11-23
1696-12-18,1696-11-24
1696-12-19,1696-11-25
1696-12-20,1696-11-26
1696-12-21,1696-11-27
1696-12-22,1696-11-28
1696-12-23,1696-11-29
1696-12-24,1696-12-01
1696-12-25,1696-12-02
1696-12-26,1696-12-03
1696-12-27,1696-12-04
1696-12-28,1696-12-05
1696-12-29,1696-12-06
1696-12-30,1696-12-07
1696-12-31,1696-12-08
1697-01-01,1696-12-09
1697-01-02,1696-12-10
1697-01-03,1696-12-11
1697-01-04,1696-12-12
1697-01-05,1696-12-13
1697-01-06,1696-12-14
1697-01-07,1696-12-15
1697-01-08,1696-12-16
1697-01-09,1696-12-17
1697-01-10,1696-12-18
1697-01-11,1696-12-19
1697-01-12,1696-12-20
1697-01-13,1696-12-21
1697-01-14,1696-12-22
1697-01-15,1696-12-23
1697-01-16,1696-12-24
1697-01-17,1696-12-25
1697-01-18,1696-12-26
1697-01-19,1696-12-27
1697-01-20,1696-12-28
1697-01-21,1696-12-29
1697-01-22,1696-12-30
1697-01-23,1697-01-01
1697-01-24,1697-01-02
1697-01-25,1697-01-03
1697-01-26,1697-01-04
1697-01-27,1697-01-05
1697-01-28,1697-01-06
1697-01-29,1697-01-07
1697-01-30,1697-01-08
1697-01-31,1697-01-09
1697-02-01,1697-01-10
1697-02-02,1697-01-11
1697-02-03,1697-01-12
1697-02-04,1697-01-13
1697-02-05,1697-01-14
1697-02-06,1697-01-15
1697-02-07,1697-01-16
1697-02-08,1697-01-17
1697-02-09,1697-01-18
1697-02-10,1697-01-19
1697-02-11,1697-01-20
1697-02-12,1697-01-21
1697-02-13,1697-01-22
1697-02-14,1697-01-23
1697-02-15,1697-01-24
1697-02-16,1697-01-25
1697-02-17,1697-01-26
1697-02-18,1697-01-27
1697-02-19,1697-01-28
1697-02-20,1697-01-29
1697-02-21,1697-02-01
1697-02-22,1697-02-02
1697-02-23,1697-02-03
1697-02-24,1697-02-04
1697-02-25,1697-02-05
1697-02-26,1697-02-06
1697-02-27,1697-02-07
1697-02-28,1697-02-08
1697-03-01,1697-02-09
1697-03-02,1697-02-10
1697-03-03,1697-02-11
1697-03-04,1697-02-12
1697-03-05,1697-02-13
1697-03-06,1697-02-14
1697-03-07,1697-02-15
1697-03-08,1697-02-16
1697-03-09,1697-02-17
1697-03-10,1697-02-18
1697-03-11,1697-02-19
1697-03-12,1697-02-20
1697-03-13,1697-02-21
1697-03-14,1697-02-22
1697-03-15,1697-02-23
1697-03-16,1697-02-24
1697-03-17,1697-02-25
1697-03-18,1697-02-26
1697-03-19,1697-02-27
1697-03-20,1697-02-28
1697-03-21,1697-02-29
1697-03-22,1697-02-30
1697-03-23,1697-03-01
1697-04-21,1697-03-01
1697-03-24,1697-03-02
1697-04-22,1697-03-02
1697-03-25,1697-03-03
1697-04-23,1697-03-03
1697-03-26,1697-03-04
1697-04-24,1697-03-04
1697-03-27,1697-03-05
1697-04-25,1697-03-05
1697-03-28,1697-03-06
1697-04-26,1697-03-06
1697-03-29,1697-03-07
1697-04-27,1697-03-07
1697-03-30,1697-03-08
1697-04-28,1697-03-08
1697-03-31,1697-03-09
1697-04-29,1697-03-09
1697-04-01,1697-03-10
1697-04-30,1697-03-10
1697-04-02,1697-03-11
1697-05-01,1697-03-11
1697-04-03,1697-03-12
1697-05-02,1697-03-12
1697-04-04,1697-03-13
1697-05-03,1697-03-13
1697-04-05,1697-03-14
1697-05-04,1697-03-14
1697-04-06,1697-03-15
1697-05-05,1697-03-15
1697-04-07,1697-03-16
1697-05-06,1697-03-16
1697-04-08,1697-03-17
1697-05-07,1697-03-17
1697-04-09,1697-03-18
1697-05-08,1697-03-18
1697-04-10,1697-03-19
1697-05-09,1697-03-19
1697-04-11,1697-03-20
1697-05-10,1697-03-20
1697-04-12,1697-03-21
1697-05-11,1697-03-21
1697-04-13,1697-03-22
1697-05-12,1697-03-22
1697-04-14,1697-03-23
1697-05-13,1697-03-23
1697-04-15,1697-03-24
1697-05-14,1697-03-24
1697-04-16,1697-03-25
1697-05-15,1697-03-25
1697-04-17,1697-03-26
1697-05-16,1697-03-26
1697-04-18,1697-03-27
1697-05-17,1697-03-27
1697-04-19,1697-03-28
1697-05-18,1697-03-28
1697-04-20,1697-03-29
1697-05-19,1697-03-29
1697-05-20,1697-04-01
1697-05-21,1697-04-02
1697-05-22,1697-04-03
1697-05-23,1697-04-04
1697-05-24,1697-04-05
1697-05-25,1697-04-06
1697-05-26,1697-04-07
1697-05-27,1697-04-08
1697-05-28,1697-04-09
1697-05-29,1697-04-10
1697-05-30,1697-04-11
1697-05-31,1697-04-12
1697-06-01,1697-04-13
1697-06-02,1697-04-14
1697-06-03,1697-04-15
1697-06-04,1697-04-16
1697-06-05,1697-04-17
1697-06-06,1697-04-18
1697-06-07,1697-04-19
1697-06-08,1697-04-20
1697-06-09,1697-04-21
1697-06-10,1697-04-22
1697-06-11,1697-04-23
1697-06-12,1697-04-24
1697-06-13,1697-04-25
1697-06-14,1697-04-26
1697-06-15,1697-04-27
1697-06-16,1697-04-28
1697-06-17,1697-04-29
1697-06-18,1697-04-30
1697-06-19,1697-05-01
1697-06-20,1697-05-02
1697-06-21,1697-05-03
1697-06-22,1697-05-04
1697-06-23,1697-05-05
1697-06-24,1697-05-06
1697-06-25,1697-05-07
1697-06-26,1697-05-08
1697-06-27,1697-05-09
1697-06-28,1697-05-10
1697-06-29,1697-05-11
1697-06-30,1697-05-12
1697-07-01,1697-05-13
1697-07-02,1697-05-14
1697-07-03,1697-05-15
1697-07-04,1697-05-16
1697-07-05,1697-05-17
1697-07-06,1697-05-18
1697-07-07,1697-05-19
1697-07-08,1697-05-20
1697-07-09,1697-05-21
1697-07-10,1697-05-22
1697-07-11,1697-05-23
1697-07-12,1697-05-24
1697-07-13,1697-05-25
1697-07-14,1697-05-26
1697-07-15,1697-05-27
1697-07-16,1697-05-28
1697-07-17,1697-05-29
1697-07-18,1697-06-01
1697-07-19,1697-06-02
1697-07-20,1697-06-03
1697-07-21,1697-06-04
1697-07-22,1697-06-05
1697-07-23,1697-06-06
1697-07-24,1697-06-07
1697-07-25,1697-06-08
1697-07-26,1697-06-09
1697-07-27,1697-06-10
1697-07-28,1697-06-11
1697-07-29,1697-06-12
1697-07-30,1697-06-13
1697-07-31,1697-06-14
1697-08-01,1697-06-15
1697-08-02,1697-06-16
1697-08-03,1697-06-17
1697-08-04,1697-06-18
1697-08-05,1697-06-19
1697-08-06,1697-06-20
1697-08-07,1697-06-21
1697-08-08,1697-06-22
1697-08-09,1697-06-23
1697-08-10,1697-06-24
1697-08-11,1697-06-25
1697-08-12,1697-06-26
1697-08-13,1697-06-27
1697-08-14,1697-06-28
1697-08-15,1697-06-29
1697-08-16,1697-06-30
1697-08-17,1697-07-01
1697-08-18,1697-07-02
1697-08-19,1697-07-03
1697-08-20,1697-07-04
1697-08-21,1697-07-05
1697-08-22,1697-07-06
1697-08-23,1697-07-07
1697-08-24,1697-07-08
1697-08-25,1697-07-09
1697-08-26,1697-07-10
1697-08-27,1697-07-11
1697-08-28,1697-07-12
1697-08-29,1697-07-13
1697-08-30,1697-07-14
1697-08-31,1697-07-15
1697-09-01,1697-07-16
1697-09-02,1697-07-17
1697-09-03,1697-07-18
1697-09-04,1697-07-19
1697-09-05,1697-07-20
1697-09-06,1697-07-21
1697-09-07,1697-07-22
1697-09-08,1697-07-23
1697-09-09,1697-07-24
1697-09-10,1697-07-25
1697-09-11,1697-07-26
1697-09-12,1697-07-27
1697-09-13,1697-07-28
1697-09-14,1697-07-29
1697-09-15,1697-08-01
1697-09-16,1697-08-02
1697-09-17,1697-08-03
1697-09-18,1697-08-04
1697-09-19,1697-08-05
1697-09-20,1697-08-06
1697-09-21,1697-08-07
1697-09-22,1697-08-08
1697-09-23,1697-08-09
1697-09-24,1697-08-10
1697-09-25,1697-08-11
1697-09-26,1697-08-12
1697-09-27,1697-08-13
1697-09-28,1697-08-14
1697-09-29,1697-08-15
1697-09-30,1697-08-16
1697-10-01,1697-08-17
1697-10-02,1697-08-18
1697-10-03,1697-08-19
1697-10-04,1697-08-20
1697-10-05,1697-08-21
1697-10-06,1697-08-22
1697-10-07,1697-08-23
1697-10-08,1697-08-24
1697-10-09,1697-08-25
1697-10-10,1697-08-26
1697-10-11,1697-08-27
1697-10-12,1697-08-28
1697-10-13,1697-08-29
1697-10-14,1697-08-30
1697-10-15,1697-09-01
1697-10-16,1697-09-02
1697-10-17,1697-09-03
1697-10-18,1697-09-04
1697-10-19,1697-09-05
1697-10-20,1697-09-06
1697-10-21,1697-09-07
1697-10-22,1697-09-08
1697-10-23,1697-09-09
1697-10-24,1697-09-10
1697-10-25,1697-09-11
1697-10-26,1697-09-12
1697-10-27,1697-09-13
1697-10-28,1697-09-14
1697-10-29,1697-09-15
1697-10-30,1697-09-16
1697-10-31,1697-09-17
1697-11-01,1697-09-18
1697-11-02,1697-09-19
1697-11-03,1697-09-20
1697-11-04,1697-09-21
1697-11-05,1697-09-22
1697-11-06,1697-09-23
1697-11-07,1697-09-24
1697-11-08,1697-09-25
1697-11-09,1697-09-26
1697-11-10,1697-09-27
1697-11-11,1697-09-28
1697-11-12,1697-09-29
1697-11-13,1697-09-30
1697-11-14,1697-10-01
1697-11-15,1697-10-02
1697-11-16,1697-10-03
1697-11-17,1697-10-04
1697-11-18,1697-10-05
1697-11-19,1697-10-06
1697-11-20,1697-10-07
1697-11-21,1697-10-08
1697-11-22,1697-10-09
1697-11-23,1697-10-10
1697-11-24,1697-10-11
1697-11-25,1697-10-12
1697-11-26,1697-10-13
1697-11-27,1697-10-14
1697-11-28,1697-10-15
1697-11-29,1697-10-16
1697-11-30,1697-10-17
1697-12-01,1697-10-18
1697-12-02,1697-10-19
1697-12-03,1697-10-20
1697-12-04,1697-10-21
1697-12-05,1697-10-22
1697-12-06,1697-10-23
1697-12-07,1697-10-24
1697-12-08,1697-10-25
1697-12-09,1697-10-26
1697-12-10,1697-10-27
1697-12-11,1697-10-28
1697-12-12,1697-10-29
1697-12-13,1697-11-01
1697-12-14,1697-11-02
1697-12-15,1697-11-03
1697-12-16,1697-11-04
1697-12-17,1697-11-05
1697-12-18,1697-11-06
1697-12-19,1697-11-07
1697-12-20,1697-11-08
1697-12-21,1697-11-09
1697-12-22,1697-11-10
1697-12-23,1697-11-11
1697-12-24,1697-11-12
1697-12-25,1697-11-13
1697-12-26,1697-11-14
1697-12-27,1697-11-15
1697-12-28,1697-11-16
1697-12-29,1697-11-17
1697-12-30,1697-11-18
1697-12-31,1697-11-19
1698-01-01,1697-11-20
1698-01-02,1697-11-21
1698-01-03,1697-11-22
1698-01-04,1697-11-23
1698-01-05,1697-11-24
1698-01-06,1697-11-25
1698-01-07,1697-11-26
1698-01-08,1697-11-27
1698-01-09,1697-11-28
1698-01-10,1697-11-29
1698-01-11,1697-11-30
1698-01-12,1697-12-01
1698-01-13,1697-12-02
1698-01-14,1697-12-03
1698-01-15,1697-12-04
1698-01-16,1697-12-05
1698-01-17,1697-12-06
1698-01-18,1697-12-07
1698-01-19,1697-12-08
1698-01-20,1697-12-09
1698-01-21,1697-12-10
1698-01-22,1697-12-11
1698-01-23,1697-12-12
1698-01-24,1697-12-13
1698-01-25,1697-12-14
1698-01-26,1697-12-15
1698-01-27,1697-12-16
1698-01-28,1697-12-17
1698-01-29,1697-12-18
1698-01-30,1697-12-19
1698-01-31,1697-12-20
1698-02-01,1697-12-21
1698-02-02,1697-12-22
1698-02-03,1697-12-23
1698-02-04,1697-12-24
1698-02-05,1697-12-25
1698-02-06,1697-12-26
1698-02-07,1697-12-27
1698-02-08,1697-12-28
1698-02-09,1697-12-29
1698-02-10,1697-12-30
1698-02-11,1698-01-01
1698-02-12,1698-01-02
1698-02-13,1698-01-03
1698-02-14,1698-01-04
1698-02-15,1698-01-05
1698-02-16,1698-01-06
1698-02-17,1698-01-07
1698-02-18,1698-01-08
1698-02-19,1698-01-09
1698-02-20,1698-01-10
1698-02-21,1698-01-11
1698-02-22,1698-01-12
1698-02-23,1698-01-13
1698-02-24,1698-01-14
1698-02-25,1698-01-15
1698-02-26,1698-01-16
1698-02-27,1698-01-17
1698-02-28,1698-01-18
1698-03-01,1698-01-19
1698-03-02,1698-01-20
1698-03-03,1698-01-21
1698-03-04,1698-01-22
1698-03-05,1698-01-23
1698-03-06,1698-01-24
1698-03-07,1698-01-25
1698-03-08,1698-01-26
1698-03-09,1698-01-27
1698-03-10,1698-01-28
1698-03-11,1698-01-29
1698-03-12,1698-02-01
1698-03-13,1698-02-02
1698-03-14,1698-02-03
1698-03-15,1698-02-04
1698-03-16,1698-02-05
1698-03-17,1698-02-06
1698-03-18,1698-02-07
1698-03-19,1698-02-08
1698-03-20,1698-02-09
1698-03-21,1698-02-10
1698-03-22,1698-02-11
1698-03-23,1698-02-12
1698-03-24,1698-02-13
1698-03-25,1698-02-14
1698-03-26,1698-02-15
1698-03-27,1698-02-16
1698-03-28,1698-02-17
1698-03-29,1698-02-18
1698-03-30,1698-02-19
1698-03-31,1698-02-20
1698-04-01,1698-02-21
1698-04-02,1698-02-22
1698-04-03,1698-02-23
1698-04-04,1698-02-24
1698-04-05,1698-02-25
1698-04-06,1698-02-26
1698-04-07,1698-02-27
1698-04-08,1698-02-28
1698-04-09,1698-02-29
1698-04-10,1698-02-30
1698-04-11,1698-03-01
1698-04-12,1698-03-02
1698-04-13,1698-03-03
1698-04-14,1698-03-04
1698-04-15,1698-03-05
1698-04-16,1698-03-06
1698-04-17,1698-03-07
1698-04-18,1698-03-08
1698-04-19,1698-03-09
1698-04-20,1698-03-10
1698-04-21,1698-03-11
1698-04-22,1698-03-12
1698-04-23,1698-03-13
1698-04-24,1698-03-14
1698-04-25,1698-03-15
1698-04-26,1698-03-16
1698-04-27,1698-03-17
1698-04-28,1698-03-18
1698-04-29,1698-03-19
1698-04-30,1698-03-20
1698-05-01,1698-03-21
1698-05-02,1698-03-22
1698-05-03,1698-03-23
1698-05-04,1698-03-24
1698-05-05,1698-03-25
1698-05-06,1698-03-26
1698-05-07,1698-03-27
1698-05-08,1698-03-28
1698-05-09,1698-03-29
1698-05-10,1698-04-01
1698-05-11,1698-04-02
1698-05-12,1698-04-03
1698-05-13,1698-04-04
1698-05-14,1698-04-05
1698-05-15,1698-04-06
1698-05-16,1698-04-07
1698-05-17,1698-04-08
1698-05-18,1698-04-09
1698-05-19,1698-04-10
1698-05-20,1698-04-11
1698-05-21,1698-04-12
1698-05-22,1698-04-13
1698-05-23,1698-04-14
1698-05-24,1698-04-15
1698-05-25,1698-04-16
1698-05-26,1698-04-17
1698-05-27,1698-04-18
1698-05-28,1698-04-19
1698-05-29,1698-04-20
1698-05-30,1698-04-21
1698-05-31,1698-04-22
1698-06-01,1698-04-23
1698-06-02,1698-04-24
1698-06-03,1698-04-25
1698-06-04,1698-04-26
1698-06-05,1698-04-27
1698-06-06,1698-04-28
1698-06-07,1698-04-29
1698-06-08,1698-05-01
1698-06-09,1698-05-02
1698-06-10,1698-05-03
1698-06-11,1698-05-04
1698-06-12,1698-05-05
1698-06-13,1698-05-06
1698-06-14,1698-05-07
1698-06-15,1698-05-08
1698-06-16,1698-05-09
1698-06-17,1698-05-10
1698-06-18,1698-05-11
1698-06-19,1698-05-12
1698-06-20,1698-05-13
1698-06-21,1698-05-14
1698-06-22,1698-05-15
1698-06-23,1698-05-16
1698-06-24,1698-05-17
1698-06-25,1698-05-18
1698-06-26,1698-05-19
1698-06-27,1698-05-20
1698-06-28,1698-05-21
1698-06-29,1698-05-22
1698-06-30,1698-05-23
1698-07-01,1698-05-24
1698-07-02,1698-05-25
1698-07-03,1698-05-26
1698-07-04,1698-05-27
1698-07-05,1698-05-28
1698-07-06,1698-05-29
1698-07-07,1698-05-30
1698-07-08,1698-06-01
1698-07-09,1698-06-02
1698-07-10,1698-06-03
1698-07-11,1698-06-04
1698-07-12,1698-06-05
1698-07-13,1698-06-06
1698-07-14,1698-06-07
1698-07-15,1698-06-08
1698-07-16,1698-06-09
1698-07-17,1698-06-10
1698-07-18,1698-06-11
1698-07-19,1698-06-12
1698-07-20,1698-06-13
1698-07-21,1698-06-14
1698-07-22,1698-06-15
1698-07-23,1698-06-16
1698-07-24,1698-06-17
1698-07-25,1698-06-18
1698-07-26,1698-06-19
1698-07-27,1698-06-20
1698-07-28,1698-06-21
1698-07-29,1698-06-22
1698-07-30,1698-06-23
1698-07-31,1698-06-24
1698-08-01,1698-06-25
1698-08-02,1698-06-26
1698-08-03,1698-06-27
1698-08-04,1698-06-28
1698-08-05,1698-06-29
1698-08-06,1698-07-01
1698-08-07,1698-07-02
1698-08-08,1698-07-03
1698-08-09,1698-07-04
1698-08-10,1698-07-05
1698-08-11,1698-07-06
1698-08-12,1698-07-07
1698-08-13,1698-07-08
1698-08-14,1698-07-09
1698-08-15,1698-07-10
1698-08-16,1698-07-11
1698-08-17,1698-07-12
1698-08-18,1698-07-13
1698-08-19,1698-07-14
1698-08-20,1698-07-15
1698-08-21,1698-07-16
1698-08-22,1698-07-17
1698-08-23,1698-07-18
1698-08-24,1698-07-19
1698-08-25,1698-07-20
1698-08-26,1698-07-21
1698-08-27,1698-07-22
1698-08-28,1698-07-23
1698-08-29,1698-07-24
1698-08-30,1698-07-25
1698-08-31,1698-07-26
1698-09-01,1698-07-27
1698-09-02,1698-07-28
1698-09-03,1698-07-29
1698-09-04,1698-08-01
1698-09-05,1698-08-02
1698-09-06,1698-08-03
1698-09-07,1698-08-04
1698-09-08,1698-08-05
1698-09-09,1698-08-06
1698-09-10,1698-08-07
1698-09-11,1698-08-08
1698-09-12,1698-08-09
1698-09-13,1698-08-10
1698-09-14,1698-08-11
1698-09-15,1698-08-12
1698-09-16,1698-08-13
1698-09-17,1698-08-14
1698-09-18,1698-08-15
1698-09-19,1698-08-16
1698-09-20,1698-08-17
1698-09-21,1698-08-18
1698-09-22,1698-08-19
1698-09-23,1698-08-20
1698-09-24,1698-08-21
1698-09-25,1698-08-22
1698-09-26,1698-08-23
1698-09-27,1698-08-24
1698-09-28,1698-08-25
1698-09-29,1698-08-26
1698-09-30,1698-08-27
1698-10-01,1698-08-28
1698-10-02,1698-08-29
1698-10-03,1698-08-30
1698-10-04,1698-09-01
1698-10-05,1698-09-02
1698-10-06,1698-09-03
1698-10-07,1698-09-04
1698-10-08,1698-09-05
1698-10-09,1698-09-06
1698-10-10,1698-09-07
1698-10-11,1698-09-08
1698-10-12,1698-09-09
1698-10-13,1698-09-10
1698-10-14,1698-09-11
1698-10-15,1698-09-12
1698-10-16,1698-09-13
1698-10-17,1698-09-14
1698-10-18,1698-09-15
1698-10-19,1698-09-16
1698-10-20,1698-09-17
1698-10-21,1698-09-18
1698-10-22,1698-09-19
1698-10-23,1698-09-20
1698-10-24,1698-09-21
1698-10-25,1698-09-22
1698-10-26,1698-09-23
1698-10-27,1698-09-24
1698-10-28,1698-09-25
1698-10-29,1698-09-26
1698-10-30,1698-09-27
1698-10-31,1698-09-28
1698-11-01,1698-09-29
1698-11-02,1698-09-30
1698-11-03,1698-10-01
1698-11-04,1698-10-02
1698-11-05,1698-10-03
1698-11-06,1698-10-04
1698-11-07,1698-10-05
1698-11-08,1698-10-06
1698-11-09,1698-10-07
1698-11-10,1698-10-08
1698-11-11,1698-10-09
1698-11-12,1698-10-10
1698-11-13,1698-10-11
1698-11-14,1698-10-12
1698-11-15,1698-10-13
1698-11-16,1698-10-14
1698-11-17,1698-10-15
1698-11-18,1698-10-16
1698-11-19,1698-10-17
1698-11-20,1698-10-18
1698-11-21,1698-10-19
1698-11-22,1698-10-20
1698-11-23,1698-10-21
1698-11-24,1698-10-22
1698-11-25,1698-10-23
1698-11-26,1698-10-24
1698-11-27,1698-10-25
1698-11-28,1698-10-26
1698-11-29,1698-10-27
1698-11-30,1698-10-28
1698-12-01,1698-10-29
1698-12-02,1698-11-01
1698-12-03,1698-11-02
1698-12-04,1698-11-03
1698-12-05,1698-11-04
1698-12-06,1698-11-05
1698-12-07,1698-11-06
1698-12-08,1698-11-07
1698-12-09,1698-11-08
1698-12-10,1698-11-09
1698-12-11,1698-11-10
1698-12-12,1698-11-11
1698-12-13,1698-11-12
1698-12-14,1698-11-13
1698-12-15,1698-11-14
1698-12-16,1698-11-15
1698-12-17,1698-11-16
1698-12-18,1698-11-17
1698-12-19,1698-11-18
1698-12-20,1698-11-19
1698-12-21,1698-11-20
1698-12-22,1698-11-21
1698-12-23,1698-11-22
1698-12-24,1698-11-23
1698-12-25,1698-11-24
1698-12-26,1698-11-25
1698-12-27,1698-11-26
1698-12-28,1698-11-27
1698-12-29,1698-11-28
1698-12-30,1698-11-29
1698-12-31,1698-11-30
1699-01-01,1698-12-01
1699-01-02,1698-12-02
1699-01-03,1698-12-03
1699-01-04,1698-12-04
1699-01-05,1698-12-05
1699-01-06,1698-12-06
1699-01-07,1698-12-07
1699-01-08,1698-12-08
1699-01-09,1698-12-09
1699-01-10,1698-12-10
1699-01-11,1698-12-11
1699-01-12,1698-12-12
1699-01-13,1698-12-13
1699-01-14,1698-12-14
1699-01-15,1698-12-15
1699-01-16,1698-12-16
1699-01-17,1698-12-17
1699-01-18,1698-12-18
1699-01-19,1698-12-19
1699-01-20,1698-12-20
1699-01-21,1698-12-21
1699-01-22,1698-12-22
1699-01-23,1698-12-23
1699-01-24,1698-12-24
1699-01-25,1698-12-25
1699-01-26,1698-12-26
1699-01-27,1698-12-27
1699-01-28,1698-12-28
1699-01-29,1698-12-29
1699-01-30,1698-12-30
1699-01-31,1699-01-01
1699-02-01,1699-01-02
1699-02-02,1699-01-03
1699-02-03,1699-01-04
1699-02-04,1699-01-05
1699-02-05,1699-01-06
1699-02-06,1699-01-07
1699-02-07,1699-01-08
1699-02-08,1699-01-09
1699-02-09,1699-01-10
1699-02-10,1699-01-11
1699-02-11,1699-01-12
1699-02-12,1699-01-13
1699-02-13,1699-01-14
1699-02-14,1699-01-15
1699-02-15,1699-01-16
1699-02-16,1699-01-17
1699-02-17,1699-01-18
1699-02-18,1699-01-19
1699-02-19,1699-01-20
1699-02-20,1699-01-21
1699-02-21,1699-01-22
1699-02-22,1699-01-23
1699-02-23,1699-01-24
1699-02-24,1699-01-25
1699-02-25,1699-01-26
1699-02-26,1699-01-27
1699-02-27,1699-01-28
1699-02-28,1699-01-29
1699-03-01,1699-01-30
1699-03-02,1699-02-01
1699-03-03,1699-02-02
1699-03-04,1699-02-03
1699-03-05,1699-02-04
1699-03-06,1699-02-05
1699-03-07,1699-02-06
1699-03-08,1699-02-07
1699-03-09,1699-02-08
1699-03-10,1699-02-09
1699-03-11,1699-02-10
1699-03-12,1699-02-11
1699-03-13,1699-02-12
1699-03-14,1699-02-13
1699-03-15,1699-02-14
1699-03-16,1699-02-15
1699-03-17,1699-02-16
1699-03-18,1699-02-17
1699-03-19,1699-02-18
1699-03-20,1699-02-19
1699-03-21,1699-02-20
1699-03-22,1699-02-21
1699-03-23,1699-02-22
1699-03-24,1699-02-23
1699-03-25,1699-02-24
1699-03-26,1699-02-25
1699-03-27,1699-02-26
1699-03-28,1699-02-27
1699-03-29,1699-02-28
1699-03-30,1699-02-29
1699-03-31,1699-03-01
1699-04-01,1699-03-02
1699-04-02,1699-03-03
1699-04-03,1699-03-04
1699-04-04,1699-03-05
1699-04-05,1699-03-06
1699-04-06,1699-03-07
1699-04-07,1699-03-08
1699-04-08,1699-03-09
1699-04-09,1699-03-10
1699-04-10,1699-03-11
1699-04-11,1699-03-12
1699-04-12,1699-03-13
1699-04-13,1699-03-14
1699-04-14,1699-03-15
1699-04-15,1699-03-16
1699-04-16,1699-03-17
1699-04-17,1699-03-18
1699-04-18,1699-03-19
1699-04-19,1699-03-20
1699-04-20,1699-03-21
1699-04-21,1699-03-22
1699-04-22,1699-03-23
1699-04-23,1699-03-24
1699-04-24,1699-03-25
1699-04-25,1699-03-26
1699-04-26,1699-03-27
1699-04-27,1699-03-28
1699-04-28,1699-03-29
1699-04-29,1699-03-30
1699-04-30,1699-04-01
1699-05-01,1699-04-02
1699-05-02,1699-04-03
1699-05-03,1699-04-04
1699-05-04,1699-04-05
1699-05-05,1699-04-06
1699-05-06,1699-04-07
1699-05-07,1699-04-08
1699-05-08,1699-04-09
1699-05-09,1699-04-10
1699-05-10,1699-04-11
1699-05-11,1699-04-12
1699-05-12,1699-04-13
1699-05-13,1699-04-14
1699-05-14,1699-04-15
1699-05-15,1699-04-16
1699-05-16,1699-04-17
1699-05-17,1699-04-18
1699-05-18,1699-04-19
1699-05-19,1699-04-20
1699-05-20,1699-04-21
1699-05-21,1699-04-22
1699-05-22,1699-04-23
1699-05-23,1699-04-24
1699-05-24,1699-04-25
1699-05-25,1699-04-26
1699-05-26,1699-04-27
1699-05-27,1699-04-28
1699-05-28,1699-04-29
1699-05-29,1699-05-01
1699-05-30,1699-05-02
1699-05-31,1699-05-03
1699-06-01,1699-05-04
1699-06-02,1699-05-05
1699-06-03,1699-05-06
1699-06-04,1699-05-07
1699-06-05,1699-05-08
1699-06-06,1699-05-09
1699-06-07,1699-05-10
1699-06-08,1699-05-11
1699-06-09,1699-05-12
1699-06-10,1699-05-13
1699-06-11,1699-05-14
1699-06-12,1699-05-15
1699-06-13,1699-05-16
1699-06-14,1699-05-17
1699-06-15,1699-05-18
1699-06-16,1699-05-19
1699-06-17,1699-05-20
1699-06-18,1699-05-21
1699-06-19,1699-05-22
1699-06-20,1699-05-23
1699-06-21,1699-05-24
1699-06-22,1699-05-25
1699-06-23,1699-05-26
1699-06-24,1699-05-27
1699-06-25,1699-05-28
1699-06-26,1699-05-29
1699-06-27,1699-06-01
1699-06-28,1699-06-02
1699-06-29,1699-06-03
1699-06-30,1699-06-04
1699-07-01,1699-06-05
1699-07-02,1699-06-06
1699-07-03,1699-06-07
1699-07-04,1699-06-08
1699-07-05,1699-06-09
1699-07-06,1699-06-10
1699-07-07,1699-06-11
1699-07-08,1699-06-12
1699-07-09,1699-06-13
1699-07-10,1699-06-14
1699-07-11,1699-06-15
1699-07-12,1699-06-16
1699-07-13,1699-06-17
1699-07-14,1699-06-18
1699-07-15,1699-06-19
1699-07-16,1699-06-20
1699-07-17,1699-06-21
1699-07-18,1699-06-22
1699-07-19,1699-06-23
1699-07-20,1699-06-24
1699-07-21,1699-06-25
1699-07-22,1699-06-26
1699-07-23,1699-06-27
1699-07-24,1699-06-28
1699-07-25,1699-06-29
1699-07-26,1699-06-30
1699-07-27,1699-07-01
1699-08-25,1699-07-01
1699-07-28,1699-07-02
1699-08-26,1699-07-02
1699-07-29,1699-07-03
1699-08-27,1699-07-03
1699-07-30,1699-07-04
1699-08-28,1699-07-04
1699-07-31,1699-07-05
1699-08-29,1699-07-05
1699-08-01,1699-07-06
1699-08-30,1699-07-06
1699-08-02,1699-07-07
1699-08-31,1699-07-07
1699-08-03,1699-07-08
1699-09-01,1699-07-08
1699-08-04,1699-07-09
1699-09-02,1699-07-09
1699-08-05,1699-07-10
1699-09-03,1699-07-10
1699-08-06,1699-07-11
1699-09-04,1699-07-11
1699-08-07,1699-07-12
1699-09-05,1699-07-12
1699-08-08,1699-07-13
1699-09-06,1699-07-13
1699-08-09,1699-07-14
1699-09-07,1699-07-14
1699-08-10,1699-07-15
1699-09-08,1699-07-15
1699-08-11,1699-07-16
1699-09-09,1699-07-16
1699-08-12,1699-07-17
1699-09-10,1699-07-17
1699-08-13,1699-07-18
1699-09-11,1699-07-18
1699-08-14,1699-07-19
1699-09-12,1699-07-19
1699-08-15,1699-07-20
1699-09-13,1699-07-20
1699-08-16,1699-07-21
1699-09-14,1699-07-21
1699-08-17,1699-07-22
1699-09-15,1699-07-22
1699-08-18,1699-07-23
1699-09-16,1699-07-23
1699-08-19,1699-07-24
1699-09-17,1699-07-24
1699-08-20,1699-07-25
1699-09-18,1699-07-25
1699-08-21,1699-07-26
1699-09-19,1699-07-26
1699-08-22,1699-07-27
1699-09-20,1699-07-27
1699-08-23,1699-07-28
1699-09-21,1699-07-28
1699-08-24,1699-07-29
1699-09-22,1699-07-29
1699-09-23,1699-08-01
1699-09-24,1699-08-02
1699-09-25,1699-08-03
1699-09-26,1699-08-04
1699-09-27,1699-08-05
1699-09-28,1699-08-06
1699-09-29,1699-08-07
1699-09-30,1699-08-08
1699-10-01,1699-08-09
1699-10-02,1699-08-10
1699-10-03,1699-08-11
1699-10-04,1699-08-12
1699-10-05,1699-08-13
1699-10-06,1699-08-14
1699-10-07,1699-08-15
1699-10-08,1699-08-16
1699-10-09,1699-08-17
1699-10-10,1699-08-18
1699-10-11,1699-08-19
1699-10-12,1699-08-20
1699-10-13,1699-08-21
1699-10-14,1699-08-22
1699-10-15,1699-08-23
1699-10-16,1699-08-24
1699-10-17,1699-08-25
1699-10-18,1699-08-26
1699-10-19,1699-08-27
1699-10-20,1699-08-28
1699-10-21,1699-08-29
1699-10-22,1699-08-30
1699-10-23,1699-09-01
1699-10-24,1699-09-02
1699-10-25,1699-09-03
1699-10-26,1699-09-04
1699-10-27,1699-09-05
1699-10-28,1699-09-06
1699-10-29,1699-09-07
1699-10-30,1699-09-08
1699-10-31,1699-09-09
